{
  "$schema": "https://json-schema.org/draft/2020-12/schema",
  "title": "MusterSeries",
  "type": "object",
  "required": [
    "series",
    "title",
    "unit",
    "as_of",
    "value",
    "source_name",
    "source_url"
  ],
  "properties": {
    "series": {
      "type": "string"
    },
    "title": {
      "type": "string"
    },
    "unit": {
      "type": "string"
    },
    "as_of": {
      "type": "string",
      "format": "date"
    },
    "value": {
      "type": "number"
    },
    "delta_d": {
      "type": [
        "number",
        "null"
      ]
    },
    "delta_y": {
      "type": [
        "number",
        "null"
      ]
    },
    "history": {
      "type": "array",
      "items": {
        "type": "array",
        "items": [
          {
            "type": "string"
          },
          {
            "type": "number"
          }
        ]
      }
    },
    "source_name": {
      "type": "string"
    },
    "source_url": {
      "type": "string"
    },
    "calc_notes": {
      "type": "string"
    }
  }
}